{"train_accu": 0.36666666666666664, "test_accu": 0.36666666666666664}